Vorgang;Empfänger;Verwendung;Datum;Asset;Menge;Konto;Betrag;Konto;Betrag;;;;;;
Zugang;;Zugang;31.12.21;IE00BYZTVV78;400;ING-Depot;2029,11;;;;;;;;
Zugang;;Zugang;31.12.21;LU1048314196 ;200;ING-Depot;2785,67;;;;;;;;
Buchung;;Anfangssaldo;3.1.2022;;;ING-Giro;3388,90;BEK;-3388,90;;;;;;
Buchung;;Anfangssaldo;3.1.2022;;;ING-Extra;29000,76;BEK;29000,76;;;;;;
Buchung;;Sparen;3.1.2022;;;ING-Giro;-600;Comdirect Giro;600;;;;;;
Buchung;Deutsche Telekom AG;Festnetz;3.1.2022;;;ING-Giro;-93,65;Medien;93,65;;;;;;
Buchung;HDI Lebensversicherung AG;40-017517895;3.1.2022;;;ING-Giro;-59,25;Berufsunfähigkeit;59,25;;;;;;
Buchung;Allianz Private Krankenversicherung;Pflegeversicherung;3.1.2022;;;ING-Extra;-474,16;Versicherung;474,16;;;;;;
Buchung;AXA Krankenversicherung AG;Krankenzusatzversicherung;3.1.2022;;;ING-Giro;-35,80;Versicherung;35,80;;;;;;
Buchung;Standard Life Versicherung;20437600;3.1.2022;;;ING-Giro;-179,64;Lebensversicherung;179,64;;;;;;
Buchung;Sparen;;3.1.2022;;;ING-Giro;-1000,00;ING-Extra;1000;;;;;;
Buchung;HDI Global SE;KFZ-Versicherung;4.1.2022;;;ING-Giro;-309,51;Auto;309,51;;;;;;
Buchung;Heidelberger Lebensversicherung;V-03269157-02;4.1.2022;;;ING-Giro;-28,78;Berufsunfähigkeit;28,78;;;;;;
Buchung;Heidelberger Lebensversicherung;V-03269157-03;5.1.2022;;;ING-Giro;-234,41;Lebensversicherung;234,41;;;;;;
Buchung;Amazon Payments Europe S.C.A.;;5.1.2022;;;ING-Giro;-59,77;Täglicher Bedarf;59,77;;;;;;
Buchung;Sportfabrik GmbH;;5.1.2022;;;ING-Giro;-29,19;Täglicher Bedarf;29,19;;;;;;
Buchung;Happy Maids;;5.1.2022;;;ING-Giro;-209,99;Nebenkosten;209,99;;;;;;
Buchung;Aktion Mensch;;5.1.2022;;;ING-Giro;-20;Spenden;20;;;;;;
Buchung;Ausgleich;;5.1.2022;;;ING-Giro;600,00;ING-Extra;-600;;;;;;
Buchung;MLP Banking AG;;5.1.2022;;;ING-Giro;-515,53;Mastercard;515,53;;;;;;
Buchung;Ionos SE;Hosting;11.1.2022;;;ING-Giro;-9,99;Medien;9,99;;;;;;
Buchung;;Geburtstag;17.1.2022;;;ING-Giro;-10;Pay Pal;10;;;;;;
Buchung;Sportfabrik GmbH;;19.1.2022;;;ING-Giro;-29,19;Täglicher Bedarf;29,19;;;;;;
Buchung;Universität;Honorar;21.1.2022;;;ING-Giro;100;Sonstige Einnahmen;-100;;;;;;
Buchung;Telekom Deutschland GmbH;Mobilfunk;24.1.2022;;;ING-Giro;-64,95;Medien;64,95;;;;;;
Buchung;Amazon EU S.A.R..L;;26.1.2022;;;ING-Giro;-12,80;Täglicher Bedarf;12,80;;;;;;
Buchung;HDI Service AG;;26.1.2022;;;ING-Giro;3507,47;Gehalt;-3507,47;;;;;;
Buchung;Telekom Deutschland GmbH;Festnetz;27.1.2022;;;ING-Giro;-93,65;Medien;93,65;;;;;;
Buchung;SWB;Gas und Strom;28.1.2022;;;ING-Giro;-158;Nebenkosten;158;;;;;;
Buchung;Amazon Media EU S.A.R.L;;31.1.2022;;;ING-Giro;-7,08;Täglicher Bedarf;7,08;;;;;;
Buchung;Amazon Media EU S.A.R.L;;31.1.2022;;;ING-Giro;-14,22;Täglicher Bedarf;14,22;;;;;;
Buchung;;Rentensparplan;31.1.2022;;;ING-Giro;-100;ING-Extra;100;;;;;;
Buchung;;Entsparen;31.1.2022;;;ING-Giro;9200;ING-Extra;-9200;;;;;;
Buchung;Josef Küpper Soehne GmbH;1. Abschlagszahlung Bad;31.1.2022;;;ING-Giro;-9200;ETW Römerstraße;9200;;;;;;
Buchung;;Sparen;1.2.2022;;;ING-Giro;-600;Comdirect Giro;600;;;;;;
Buchung;HDI Lebensversicherung AG;40-017517895;1.2.2022;;;ING-Giro;-59,25;Berufsunfähigkeit;59,25;;;;;;
Buchung;Heidelberger Lebensversicherung;V-03269157-02;1.2.2022;;;ING-Giro;-28,78;Berufsunfähigkeit;28,78;;;;;;
Buchung;Heidelberger Lebensversicherung;V-03269157-03;1.2.2022;;;ING-Giro;-234,41;Lebensversicherung;234,41;;;;;;
Buchung;Happy Maids;;1.2.2022;;;ING-Giro;-139,99;Nebenkosten;139,99;;;;;;
Buchung;AXA Krankenversicherung AG;Krankenzusatzversicherung;1.2.2022;;;ING-Giro;-35,80;Lebensversicherung;35,80;;;;;;
Buchung;Aktion Mensch;;1.2.2022;;;ING-Giro;-20;Spenden;20;;;;;;
Buchung;Standard Life Versicherung;20437600;1.2.2022;;;ING-Giro;-179,64;Lebensversicherung;179,64;;;;;;
Buchung;Sonius-Toilettenvermietung KG;Dixiklo;1.2.2022;;;ING-Giro;-122,57;Sonstige Ausgaben;122,57;;;;;;
Buchung;Bundeskasse Trier;KFZ-Steuer;2.2.2022;;;ING-Giro;-86;Auto;86;;;;;;
Buchung;Amazon Media EU S.A.R.L;;2.2.2022;;;ING-Giro;-9,99;Täglicher Bedarf;9,99;;;;;;
Buchung;Sportfabrik GmbH;;2.2.2022;;;ING-Giro;-29,19;Täglicher Bedarf;29,19;;;;;;
Kauf;;Kauf;3.2.2022;IE00BCRY6557;1,0022;ING-Depot;100;ING-Extra;-100;;;;;;
Buchung;MLP Banking AG;;4.2.2022;;;ING-Giro;-502,13;Mastercard;502,13;;;;;;
Buchung;FAZ;;4.2.2022;;;ING-Giro;-46,9;Medien;46,9;;;;;;
Buchung;FAZ;;4.2.2022;;;ING-Giro;-3;Medien;3;;;;;;
Einnahme;;Einahme;4.2.2022;LU1048314196 ;200;ING-Depot;0;ING-Extra;3,78;Fondertrag;-5,14;Kapitalertragsteuer;1,29;Solidaritätszuschlag;0,07
Buchung;Urologie;;7.2.2022;;;ING-Giro;-48,83;Täglicher Bedarf;48,83;;;;;;
Buchung;;Geburtstag;9.2.2022;;;ING-Giro;-10;Pay Pal;10;;;;;;
Buchung;;;9.2.2022;;;ING-Giro;9200;ING-Extra;-9200;;;;;;
Buchung;Josef Küpper Soehne GmbH;2. Abschlagszahlung Bad;9.2.2022;;;ING-Giro;-9200;ETW Römerstraße;9200;;;;;;
Buchung;Amazon Digital Germany GmbH;;10.2.2022;;;ING-Giro;-13,99;Täglicher Bedarf;13,99;;;;;;
Buchung;Ionos SE;Hosting;11.2.2022;;;ING-Giro;-9,99;Medien;9,99;;;;;;
Buchung;Amazon Media EU S.A.R.L;;14.2.2022;;;ING-Giro;-15,72;Täglicher Bedarf;15,72;;;;;;
Buchung;Amazon Media EU S.A.R.L;;14.2.2022;;;ING-Giro;-9,99;Täglicher Bedarf;9,99;;;;;;
Buchung;Peter Schimmel;Nebenkosten;15.2.2022;;;ING-Giro;-170;Nebenkosten;170;;;;;;
Buchung;Sportfabrik GmbH;;16.2.2022;;;ING-Giro;-29,19;Täglicher Bedarf;29,19;;;;;;
Buchung;Stadtkasse Bonn;Grundsteuer;16.2.2022;;;ING-Giro;-34,39;Nebenkosten;34,39;;;;;;
Buchung;Amazon Media EU S.A.R.L;;17.2.2022;;;ING-Giro;-36,90;Täglicher Bedarf;36,90;;;;;;
Buchung;FAZ;;18.2.2022;;;ING-Giro;-46,9;Medien;46,9;;;;;;
Buchung;FAZ;;18.2.2022;;;ING-Giro;-3;Medien;3;;;;;;
Buchung;Telekom Deutschland GmbH;Mobilfunk;21.2.2022;;;ING-Giro;-64,95;Medien;64,95;;;;;;
Buchung;HDI Service AG;;23.2.2022;;;ING-Giro;3505,77;Gehalt;-3505,77;;;;;;
Buchung;Deutsche Telekom AG;Festnetz;24.2.2022;;;ING-Giro;-97,40;Medien;97,40;;;;;;
Buchung;Privatärztliche Verrechnungsstelle;;25.3.2022;;;ING-Giro;-20,11;Sonstige Ausgaben;20,11;;;;;;
Buchung;SWB;Gas und Strom;28.2.2022;;;ING-Giro;-158;Nebenkosten;158;;;;;;
Buchung;;Rentensparplan;28.2.2022;;;ING-Giro;-100;ING-Extra;100;;;;;;
Buchung;;Sparen;1.3.2022;;;ING-Giro;-600;Comdirect Giro;600;;;;;;
Buchung;HDI Lebensversicherung AG;40-017517895;1.3.2022;;;ING-Giro;-59,25;Berufsunfähigkeit;59,25;;;;;;
Buchung;Heidelberger Lebensversicherung;V-03269157-02;1.3.2022;;;ING-Giro;-28,78;Berufsunfähigkeit;28,78;;;;;;
Buchung;Heidelberger Lebensversicherung;V-03269157-03;1.3.2022;;;ING-Giro;-234,41;Lebensversicherung;234,41;;;;;;
Buchung;AXA Krankenversicherung AG;Krankenzusatzversicherung;1.3.2022;;;ING-Giro;-35,80;Lebensversicherung;35,80;;;;;;
Buchung;Standard Life Versicherung;20437600;1.3.2022;;;ING-Giro;-179,64;Lebensversicherung;179,64;;;;;;
Buchung;Aktion Mensch;;1.3.2022;;;ING-Giro;-20;Spenden;20;;;;;;
Buchung;Sportfabrik GmbH;;2.3.2022;;;ING-Giro;-29,19;Täglicher Bedarf;29,19;;;;;;
Buchung;Landeshauptkasse NRW;Knöllchen;2.3.2022;;;ING-Giro;-20;Täglicher Bedarf;20;;;;;;
Buchung;Maker Media GmbH;Make;2.3.2022;;;ING-Giro;-87,64;Medien;87,64;;;;;;
Kauf;;Kauf;3.3.2022;IE00BCRY6557;1,00361;ING-Depot;100;ING-Extra;-100;;;;;;
Buchung;MLP Banking AG;;4.3.2022;;;ING-Giro;-449,59;Mastercard;449,59;;;;;;
Buchung;Raasdal;;4.3.2022;;;ING-Giro;-56,95;Täglicher Bedarf;56,95;;;;;;
Buchung;Amazon EU S.A.R..L;;7.3.2022;;;ING-Giro;-12;Täglicher Bedarf;12;;;;;;
Buchung;Aktion Deutschland Hilf e.V.;Ukraine-Spende;7.3.2022;;;ING-Giro;-250;Spenden;250;;;;;;
Buchung;Amazon Payments Europe S.C.A.;;11.3.2022;;;ING-Giro;-91,96;Täglicher Bedarf;91,96;;;;;;
Buchung;Ionos SE;Hosting;11.3.2022;;;ING-Giro;-9,99;Medien;9,99;;;;;;
Buchung;GEZ;Rundfunkgebühren;15.3.2022;;;ING-Giro;-55,08;Täglicher Bedarf;55,08;;;;;;
Buchung;Sportfabrik GmbH;;16.3.2022;;;ING-Giro;-29,19;Täglicher Bedarf;29,19;;;;;;
Buchung;AXA Krankenversicherung AG;Reisekrankenversicherung;1.3.2022;;;ING-Giro;-9,12;Versicherung;9,12;;;;;;
Buchung;Telekom Deutschland GmbH;Mobilfunk;21.3.2022;;;ING-Giro;-64,95;Medien;64,95;;;;;;
Buchung;FAZ;;21.3.2022;;;ING-Giro;-46,9;Medien;46,9;;;;;;
Buchung;FAZ;;21.3.2022;;;ING-Giro;-3;Medien;3;;;;;;
Buchung;AXA Krankenversicherung AG;Reisekrankenversicherung;23.3.2022;;;ING-Giro;-9,12;Versicherung;9,12;;;;;;
Buchung;Spotify;;24.3.2022;;;ING-Giro;-9,99;Medien;9,99;;;;;;
Buchung;Deutsche Telekom AG;Festnetz;25.3.2022;;;ING-Giro;-100,65;Medien;100,65;;;;;;
Buchung;Heise Medien GmbH + Co KG;Sonderhheft;25.3.2022;;;ING-Giro;-14,90;Täglicher Bedarf;14,90;;;;;;
Buchung;Ausgleich;;25.3.2022;;;ING-Giro;4000;ING-Extra;-4000;;;;;;
Buchung;SWB;Gas und Strom;28.3.2022;;;ING-Giro;-158;Nebenkosten;158;;;;;;
Buchung;Josef Küpper Soehne GmbH;Schlussrechnung;28.3.2022;;;ING-Giro;-4346,48;ETW Römerstraße;4346,48;;;;;;
Buchung;HDI Service AG;;23.2.2022;;;ING-Giro;3992,37;Gehalt;-3992,37;;;;;;
Buchung;Amazon Payments Europe S.C.A.;;29.3.2022;;;ING-Giro;-10,19;Täglicher Bedarf;10,19;;;;;;
Buchung;Happy Maids;;30.3.2022;;;ING-Giro;-139,99;Nebenkosten;139,99;;;;;;
Buchung;Sportfabrik GmbH;;30.3.2022;;;ING-Giro;-29,19;Täglicher Bedarf;29,19;;;;;;
Buchung;;Rentensparplan;31.3.2022;;;ING-Giro;-100;ING-Extra;100;;;;;;
Buchung;;Sparen;1.4.2022;;;ING-Giro;-600;Comdirect Giro;600;;;;;;
Buchung;HDI Lebensversicherung AG;40-017517895;1.4.2022;;;ING-Giro;-59,25;Berufsunfähigkeit;59,25;;;;;;
Buchung;Alte Leipziger Leben;2108038;1.4.2022;;;ING-Giro;-1660,69;Lebensversicherung;1660,69;;;;;;
Buchung;Heidelberger Lebensversicherung;V-03269157-02;1.4.2022;;;ING-Giro;-28,78;Berufsunfähigkeit;28,78;;;;;;
Buchung;Heidelberger Lebensversicherung;V-03269157-03;1.4.2022;;;ING-Giro;-234,41;Lebensversicherung;234,41;;;;;;
Buchung;AXA Krankenversicherung AG;Krankenzusatzversicherung;1.4.2022;;;ING-Giro;-35,80;Lebensversicherung;35,80;;;;;;
Buchung;Aktion Mensch;;1.4.2022;;;ING-Giro;-20;Spenden;20;;;;;;
Buchung;Standard Life Versicherung;20437600;1.4.2022;;;ING-Giro;-179,64;Lebensversicherung;179,64;;;;;;
Buchung;AXA Krankenversicherung AG;Erstattung Doppelzahlung;1.4.2022;;;ING-Giro;9,12;Versicherung;-9,12;;;;;;
Buchung;ING Diba;Entgelt Girocard;4.4.2022;;;ING-Giro;-0,99;Bankgebühr;0,99;;;;;;
Buchung;Amazon Payments Europe S.C.A.;;5.4.2022;;;ING-Giro;-11,95;Täglicher Bedarf;11,95;;;;;;
Kauf;;Kauf;5.4.2022;IE00BCRY6557;1,00277;ING-Depot;100;ING-Extra;-100;;;;;;
Buchung;Amazon Payments Europe S.C.A.;;5.4.2022;;;ING-Giro;-9,99;Täglicher Bedarf;9,99;;;;;;
Buchung;Amazon Payments Europe S.C.A.;;5.4.2022;;;ING-Giro;-39,5;Täglicher Bedarf;39,5;;;;;;
Buchung;MLP Banking AG;;6.4.2022;;;ING-Giro;-918,62;Mastercard;918,62;;;;;;
Buchung;Amazon Digital Germany GmbH;;12.4.2022;;;ING-Giro;-16,99;Täglicher Bedarf;16,99;;;;;;
Buchung;Ionos SE;Hosting;12.4.2022;;;ING-Giro;-9,99;Medien;9,99;;;;;;
Buchung;Sportfabrik GmbH;;13.4.2022;;;ING-Giro;-29,19;Täglicher Bedarf;29,19;;;;;;
Buchung;Telekom Deutschland GmbH;Mobilfunk;19.4.2022;;;ING-Giro;-64,95;Medien;64,95;;;;;;
Buchung;FAZ;;22.4.2022;;;ING-Giro;-46,9;Medien;46,9;;;;;;
Buchung;FAZ;;22.4.2022;;;ING-Giro;-3;Medien;3;;;;;;
Buchung;Happy Maids;;26.4.2022;;;ING-Giro;-70;Nebenkosten;70;;;;;;
Buchung;Spotify;;26.4.2022;;;ING-Giro;-9,99;Medien;9,99;;;;;;
Buchung;HDI Service AG;;26.4.2022;;;ING-Giro;3498,57;Gehalt;-3498,57;;;;;;
Buchung;Folke Meier;Anteil Brandschutzarbeiten;26.4.2022;;;ING-Giro;-567,8;Sonstige Ausgaben;567,8;;;;;;
Buchung;Sportfabrik GmbH;;27.4.2022;;;ING-Giro;-29,19;Täglicher Bedarf;29,19;;;;;;
Buchung;Deutsche Telekom AG;Festnetz;28.4.2022;;;ING-Giro;-100,65;Medien;100,65;;;;;;
Buchung;SWB;Gas und Strom;28.4.2022;;;ING-Giro;-158;Nebenkosten;158;;;;;;
Buchung;;Rentensparplan;29.4.2022;;;ING-Giro;-100;ING-Extra;100;;;;;;
Buchung;;Sparen;2.5.2022;;;ING-Giro;-600;Comdirect Giro;600;;;;;;
Buchung;HDI Lebensversicherung AG;40-017517895;2.5.2022;;;ING-Giro;-59,25;Berufsunfähigkeit;59,25;;;;;;
Buchung;Heidelberger Lebensversicherung;V-03269157-02;2.5.2022;;;ING-Giro;-28,78;Berufsunfähigkeit;28,78;;;;;;
Buchung;Heidelberger Lebensversicherung;V-03269157-03;2.5.2022;;;ING-Giro;-234,41;Lebensversicherung;234,41;;;;;;
Buchung;AXA Krankenversicherung AG;Krankenzusatzversicherung;2.5.2022;;;ING-Giro;-35,80;Lebensversicherung;35,80;;;;;;
Buchung;Aktion Mensch;;2.5.2022;;;ING-Giro;-20;Spenden;20;;;;;;
Buchung;Standard Life Versicherung;20437600;2.5.2022;;;ING-Giro;-179,64;Lebensversicherung;179,64;;;;;;
Buchung;DGSM;;2.5.2022;;;ING-Giro;-60;Täglicher Bedarf;60;;;;;;
Buchung;Peter Schimmel;Nebenkosten Nachzahlung;2.5.2022;;;ING-Giro;-156,22;Nebenkosten;156,22;;;;;;
Buchung;;Entsparen;2.5.2022;;;ING-Giro;700;ING-Extra;-700;;;;;;
Buchung;Babbel;;3.5.2022;;;ING-Giro;-59,94;Medien;59,94;;;;;;
Buchung;ING Diba;Entgelt Girocard;3.5.2022;;;ING-Giro;-0,99;Bankgebühr;0,99;;;;;;
Kauf;;Kauf;4.5.2022;IE00BCRY6557;1,0042;ING-Depot;100;ING-Extra;-100;;;;;;
Buchung;MLP Banking AG;;5.5.2022;;;ING-Giro;-2095,28;Mastercard;2095,28;;;;;;
Buchung;;Entsparen;9.5.2022;;;ING-Giro;1000;ING-Extra;-1000;;;;;;
Buchung;Brug Yachtcharter;Restzahlung;9.5.2022;;;ING-Giro;-522,44;Urlaub;522,44;;;;;;
Buchung;SWB;Gas und Strom Differenz 21;9.5.2022;;;ING-Giro;25,24;Nebenkosten;-25,24;;;;;;
Buchung;Sportfabrik GmbH;;11.5.2022;;;ING-Giro;-29,19;Täglicher Bedarf;29,19;;;;;;
Buchung;Ionos SE;Hosting;11.5.2022;;;ING-Giro;-9,99;Medien;9,99;;;;;;
Buchung;Amazon Digital Germany GmbH;;13.5.2022;;;ING-Giro;-5,98;Täglicher Bedarf;5,98;;;;;;
Buchung;Peter Schimmel;Nebenkosten Nachzahlung;16.5.2022;;;ING-Giro;-210;Nebenkosten;210;;;;;;
Buchung;Stadtkasse Bonn;Grundsteuer;16.5.2022;;;ING-Giro;-34,37;Nebenkosten;34,37;;;;;;
Buchung;FAZ;;20.5.2022;;;ING-Giro;-46,9;Medien;46,9;;;;;;
Buchung;FAZ;;20.5.2022;;;ING-Giro;-3;Medien;3;;;;;;
Buchung;Telekom Deutschland GmbH;Mobilfunk;23.5.2022;;;ING-Giro;-64,95;Medien;64,95;;;;;;
Buchung;Universität;Zahnreinigung;23.5.2022;;;ING-Giro;-115,84;Nebenkosten;115,84;;;;;;
Buchung;Happy Maids;;24.5.2022;;;ING-Giro;-139,99;Nebenkosten;139,99;;;;;;
Buchung;;Entsparen;24.5.2022;;;ING-Giro;100;ING-Extra;-100;;;;;;
Buchung;Sportfabrik GmbH;;25.5.2022;;;ING-Giro;-29,19;Täglicher Bedarf;29,19;;;;;;
Buchung;Spotify;;25.5.2022;;;ING-Giro;-9,99;Medien;9,99;;;;;;
Buchung;HDI Service AG;;25.5.2022;;;ING-Giro;7147,06;Gehalt;-7147,06;;;;;;
Buchung;;Sparen;25.5.2022;;;ING-Giro;-2200;ING-Extra;2200;;;;;;
Einnahme;;Einahme;25.5.2022;IE00BYZTVV78;400;ING-Depot;;ING-Extra;0,8;Fondertrag;-0,8;;;;
Buchung;Deutsche Telekom AG;Festnetz;27.5.2022;;;ING-Giro;-100,65;Medien;100,65;;;;;;
Buchung;;Rentensparplan;31.5.2022;;;ING-Giro;-100;ING-Extra;100;;;;;;
Buchung;;Sparen;1.6.2022;;;ING-Giro;-600;Comdirect Giro;600;;;;;;
Buchung;HDI Lebensversicherung AG;40-017517895;1.6.2022;;;ING-Giro;-59,25;Berufsunfähigkeit;59,25;;;;;;
Buchung;Heidelberger Lebensversicherung;V-03269157-02;1.6.2022;;;ING-Giro;-28,78;Berufsunfähigkeit;28,78;;;;;;
Buchung;Heidelberger Lebensversicherung;V-03269157-03;1.6.2022;;;ING-Giro;-234,41;Lebensversicherung;234,41;;;;;;
Buchung;AXA Krankenversicherung AG;Krankenzusatzversicherung;1.6.2022;;;ING-Giro;-35,80;Lebensversicherung;35,80;;;;;;
Buchung;Aktion Mensch;;1.6.2022;;;ING-Giro;-20;Spenden;20;;;;;;
Buchung;Standard Life Versicherung;20437600;1.6.2022;;;ING-Giro;-179,64;Lebensversicherung;179,64;;;;;;
Buchung;ING Diba;Entgelt Girocard;2.6.2022;;;ING-Giro;-0,99;Bankgebühr;0,99;;;;;;
Kauf;;Kauf;3.6.2022;IE00BCRY6557;1,00496;ING-Depot;100;ING-Extra;-100;;;;;;
Buchung;MLP Banking AG;;7.6.2022;;;ING-Giro;-679,43;Mastercard;679,43;;;;;;
Buchung;Sportfabrik GmbH;;8.6.2022;;;ING-Giro;-29,19;Täglicher Bedarf;29,19;;;;;;
Buchung;Amazon Media EU S.A.R.L;;8.6.2022;;;ING-Giro;-7,99;Täglicher Bedarf;7,99;;;;;;
Buchung;Yachtpool;Segelversicherungen;8.6.2022;;;ING-Giro;-303,45;Versicherung;303,45;;;;;;
Buchung;Brug Yachtcharter;Gutschrift Kaution;8.6.2022;;;ING-Giro;1000;Sonstige Einnahmen;-1000;;;;;;
Buchung;Bekki;Vorgestreckte Kaution;8.6.2022;;;ING-Giro;-1000;Sonstige Einnahmen;1000;;;;;;
Buchung;Rike;Erstattung Charter;9.6.2022;;;ING-Giro;150,80;Urlaub;-150,80;;;;;;
Buchung;Karina;Erstattung Charter;9.6.2022;;;ING-Giro;150,80;Urlaub;-150,80;;;;;;
Buchung;Ionos SE;Hosting;13.6.2022;;;ING-Giro;-9,99;Medien;9,99;;;;;;
Buchung;Bekki;Erstattung Charter;13.6.2022;;;ING-Giro;150,80;Urlaub;-150,80;;;;;;
Buchung;GEZ;Rundfunkgebühren;15.6.2022;;;ING-Giro;-55,08;Täglicher Bedarf;55,08;;;;;;
Buchung;;Bargeld;15.6.2022;;;ING-Giro;-400;Täglicher Bedarf;400;;;;;;
Buchung;;Bargeld;17.6.2022;;;ING-Giro;-300;Täglicher Bedarf;300;;;;;;
Buchung;Telekom Deutschland GmbH;Mobilfunk;21.6.2022;;;ING-Giro;-64,95;Medien;64,95;;;;;;
Buchung;FAZ;;21.6.2022;;;ING-Giro;-46,9;Medien;46,9;;;;;;
Buchung;FAZ;;21.6.2022;;;ING-Giro;-3;Medien;3;;;;;;
Buchung;Sportfabrik GmbH;;22.6.2022;;;ING-Giro;-29,19;Täglicher Bedarf;29,19;;;;;;
Buchung;;Eintritt Helgoland;22.6.2022;;;ING-Giro;-16,50;Täglicher Bedarf;16,5;;;;;;
Buchung;Spotify;;24.6.2022;;;ING-Giro;-9,99;Medien;9,99;;;;;;
Buchung;HDI Service AG;;27.6.2022;;;ING-Giro;3593,12;Gehalt;-3593,12;;;;;;
Buchung;Sparen;;27.6.2022;;;ING-Giro;-2000;ING-Extra;2000;;;;;;
Buchung;Deutsche Telekom AG;Festnetz;28.6.2022;;;ING-Giro;-100,65;Medien;100,65;;;;;;
Buchung;SWB;Gas und Strom Differenz 21;28.6.2022;;;ING-Giro;-211;Nebenkosten;211;;;;;;
Buchung;;Bargeld;29.6.2022;;;ING-Giro;-100;Täglicher Bedarf;100;;;;;;
Buchung;;Rentensparplan;30.6.2022;;;ING-Giro;-100;ING-Extra;100;;;;;;
Buchung;;Sparen;1.7.2022;;;ING-Giro;-600;Comdirect Giro;600;;;;;;
Buchung;HDI Lebensversicherung AG;40-017517895;1.7.2022;;;ING-Giro;-59,25;Berufsunfähigkeit;59,25;;;;;;
Buchung;Heidelberger Lebensversicherung;V-03269157-02;1.7.2022;;;ING-Giro;-28,78;Berufsunfähigkeit;28,78;;;;;;
Buchung;Heidelberger Lebensversicherung;V-03269157-03;1.7.2022;;;ING-Giro;-234,41;Lebensversicherung;234,41;;;;;;
Buchung;AXA Krankenversicherung AG;Krankenzusatzversicherung;1.7.2022;;;ING-Giro;-35,80;Lebensversicherung;35,80;;;;;;
Buchung;Aktion Mensch;;1.7.2022;;;ING-Giro;-20;Spenden;20;;;;;;
Buchung;Standard Life Versicherung;20437600;1.7.2022;;;ING-Giro;-179,64;Lebensversicherung;179,64;;;;;;
Buchung;Rewe;;1.7.2022;;;ING-Giro;-19,72;Täglicher Bedarf;19,72;;;;;;
Buchung;Software u Support Media;;1.7.2022;;;ING-Giro;-84,55;Werbungskosten;84,55;;;;;;
Buchung;Pay Pal;;4.7.2022;;;ING-Giro;-27,05;Täglicher Bedarf;27,05;;;;;;
Buchung;ING Diba;Entgelt Girocard;4.7.2022;;;ING-Giro;-0,99;Bankgebühr;0,99;;;;;;
Kauf;;Kauf;5.7.2022;IE00BCRY6557;1,00539;ING-Depot;100;ING-Extra;-100;;;;;;
Buchung;Amazon Media EU S.A.R.L;;5.7.2022;;;ING-Giro;-3,45;Täglicher Bedarf;3,45;;;;;;
Buchung;Rewe;;5.7.2022;;;ING-Giro;-11,24;Täglicher Bedarf;11,24;;;;;;
Buchung;Bäckerei;;5.7.2022;;;ING-Giro;-0,75;Täglicher Bedarf;0,75;;;;;;
Buchung;Bauhaus;;5.7.2022;;;ING-Giro;-39,69;Täglicher Bedarf;39,69;;;;;;
Buchung;Bäckerei;;5.7.2022;;;ING-Giro;-0,75;Täglicher Bedarf;0,75;;;;;;
Buchung;MLP Banking AG;;6.7.2022;;;ING-Giro;-648,87;Mastercard;648,87;;;;;;
Buchung;Sportfabrik GmbH;;6.7.2022;;;ING-Giro;-29,19;Täglicher Bedarf;29,19;;;;;;
Buchung;Happy Maids;;6.7.2022;;;ING-Giro;-209,99;Nebenkosten;209,99;;;;;;
Buchung;;Tanken;6.7.2022;;;ING-Giro;-67,09;Auto;67,09;;;;;;
Buchung;Pay Pal;Geburtstag;7.7.2022;;;ING-Giro;-10;Täglicher Bedarf;10;;;;;;
Buchung;Pay Pal;Geburtstag;7.7.2022;;;ING-Giro;-10;Täglicher Bedarf;10;;;;;;
Buchung;Fair parken GmbH;;11.7.2022;;;ING-Giro;-34,9;Täglicher Bedarf;34,9;;;;;;
Buchung;Ionos SE;Hosting;12.7.2022;;;ING-Giro;-9,99;Medien;9,99;;;;;;
Buchung;Bäckerei;;12.7.2022;;;ING-Giro;-0,75;Täglicher Bedarf;0,75;;;;;;
Buchung;Wilfried Hinze;Abschluss Bordkasse;13.7.2022;;;ING-Giro;-125,91;Urlaub;125,91;;;;;;
Buchung;Amazon Payments Europe S.C.A.;;14.7.2022;;;ING-Giro;-39,88;Täglicher Bedarf;39,88;;;;;;
Buchung;Amazon Payments Europe S.C.A.;;14.7.2022;;;ING-Giro;-99,99;Täglicher Bedarf;99,99;;;;;;
Buchung;Pay Pal;;15.7.2022;;;ING-Giro;-70,40;Täglicher Bedarf;70,40;;;;;;
Buchung;Amazon Payments Europe S.C.A.;;18.7.2022;;;ING-Giro;-20,79;Täglicher Bedarf;20,79;;;;;;
Buchung;Pay Pal;;19.7.2022;;;ING-Giro;-35,98;Täglicher Bedarf;35,98;;;;;;
Buchung;Telekom Deutschland GmbH;Mobilfunk;20.7.2022;;;ING-Giro;-65,17;Medien;65,17;;;;;;
Buchung;Sportfabrik GmbH;;20.7.2022;;;ING-Giro;-29,19;Täglicher Bedarf;29,19;;;;;;
Buchung;Spotify;;26.7.2022;;;ING-Giro;-9,99;Medien;9,99;;;;;;
Buchung;HDI Service AG;;26.7.2022;;;ING-Giro;3702,22;Gehalt;-3702,22;;;;;;
Buchung;Sparen;;26.7.2022;;;ING-Giro;-330;ING-Extra;330;;;;;;
Buchung;Deutsche Telekom AG;Festnetz;27.7.2022;;;ING-Giro;-102,44;Medien;102,44;;;;;;
Buchung;SWB;Gas und Strom Differenz 21;28.7.2022;;;ING-Giro;-211;Nebenkosten;211;;;;;;
Buchung;;Rentensparplan;29.7.2022;;;ING-Giro;-100;ING-Extra;100;;;;;;
Buchung;;Sparen;1.8.2022;;;ING-Giro;-600;Comdirect Giro;600;;;;;;
Buchung;HDI Lebensversicherung AG;40-017517895;1.8.2022;;;ING-Giro;-59,25;Berufsunfähigkeit;59,25;;;;;;
Buchung;Heidelberger Lebensversicherung;V-03269157-02;1.8.2022;;;ING-Giro;-28,78;Berufsunfähigkeit;28,78;;;;;;
Buchung;Heidelberger Lebensversicherung;V-03269157-03;1.8.2022;;;ING-Giro;-234,41;Lebensversicherung;234,41;;;;;;
Buchung;AXA Krankenversicherung AG;Krankenzusatzversicherung;1.8.2022;;;ING-Giro;-35,80;Lebensversicherung;35,80;;;;;;
Buchung;Aktion Mensch;;1.8.2022;;;ING-Giro;-20;Spenden;20;;;;;;
Buchung;Standard Life Versicherung;20437600;1.8.2022;;;ING-Giro;-179,64;Lebensversicherung;179,64;;;;;;
Buchung;Happy Maids;;2.8.2022;;;ING-Giro;-154,18;Nebenkosten;154,18;;;;;;
Buchung;ING Diba;Entgelt Girocard;2.8.2022;;;ING-Giro;-0,99;Bankgebühr;0,99;;;;;;
Buchung;;Bargeld;2.8.2022;;;ING-Giro;-200;Täglicher Bedarf;200;;;;;;
Kauf;;Kauf;3.8.2022;IE00BCRY6557;1,0064;ING-Depot;100;ING-Extra;-100;;;;;;
Buchung;MLP Banking AG;;4.8.2022;;;ING-Giro;-254,89;Mastercard;254,89;;;;;;
Buchung;Sportfabrik GmbH;;4.8.2022;;;ING-Giro;-29,19;Täglicher Bedarf;29,19;;;;;;
Buchung;FAZ;;4.8.2022;;;ING-Giro;-46,9;Medien;46,9;;;;;;
Buchung;FAZ;;4.8.2022;;;ING-Giro;-3;Medien;3;;;;;;
Buchung;Ionos SE;Hosting;11.8.2022;;;ING-Giro;-9,99;Medien;9,99;;;;;;
Buchung;Pay Pal;Induktionsplatten;12.8.2022;;;ING-Giro;-198,8;Täglicher Bedarf;198,8;;;;;;
Buchung;Peter Schimmel;Nebenkosten Nachzahlung;15.8.2022;;;ING-Giro;-210;Nebenkosten;210;;;;;;
Buchung;Stadtkasse Bonn;Grundsteuer;15.8.2022;;;ING-Giro;-34,37;Nebenkosten;34,37;;;;;;
Buchung;Sportfabrik GmbH;;17.8.2022;;;ING-Giro;-29,19;Täglicher Bedarf;29,19;;;;;;
Buchung;;Bargeld;19.8.2022;;;ING-Giro;-100;Täglicher Bedarf;100;;;;;;
Buchung;Telekom Deutschland GmbH;Mobilfunk;22.8.2022;;;ING-Giro;-64,95;Medien;64,95;;;;;;
Buchung;FAZ;;22.8.2022;;;ING-Giro;-46,9;Medien;46,9;;;;;;
Buchung;FAZ;;22.8.2022;;;ING-Giro;-3;Medien;3;;;;;;
Buchung;Stefan Kruth;;22.8.2022;;;ING-Giro;100;Urlaub;-100;;;;;;
Buchung;Carmen Kilgus;;22.8.2022;;;ING-Giro;100;Urlaub;-100;;;;;;
Buchung;Max;;22.8.2022;;;ING-Giro;100;Urlaub;-100;;;;;;
Buchung;Pay Pal;AZ-Delivery;22.8.2022;;;ING-Giro;-29,99;Täglicher Bedarf;29,99;;;;;;
Buchung;De Kuilart;Bunglow;23.8.2022;;;ING-Giro;-581;Urlaub;581;;;;;;
Buchung;De Kuilart;Booten;23.8.2022;;;ING-Giro;-220;Urlaub;220;;;;;;
Buchung;Christian Tiede;;23.8.2022;;;ING-Giro;100;Urlaub;-100;;;;;;
Buchung;Karina;;23.8.2022;;;ING-Giro;100;Urlaub;-100;;;;;;
Buchung;Deutsche Telekom AG;Festnetz;25.8.2022;;;ING-Giro;-105,66;Medien;105,66;;;;;;
Buchung;HDI AG;;26.8.2022;;;ING-Giro;3608,82;Gehalt;-3608,82;;;;;;
Buchung;;Bargeld;26.8.2022;;;ING-Giro;-100;Täglicher Bedarf;100;;;;;;
Buchung;SWB;Gas und Strom Differenz 21;29.8.2022;;;ING-Giro;-211;Nebenkosten;211;;;;;;
Buchung;Amazon Digital Germany GmbH;;30.8.2022;;;ING-Giro;-11,99;Täglicher Bedarf;11,99;;;;;;
Buchung;Sportfabrik GmbH;;31.8.2022;;;ING-Giro;-29,19;Täglicher Bedarf;29,19;;;;;;
Buchung;;Rentensparplan;31.8.2022;;;ING-Giro;-100;ING-Extra;100;;;;;;
Buchung;Steuerverwaltung;Steuerrückzahlung;31.8.2022;;;ING-Giro;553,02;Sonstige Einnahmen;-553,02;;;;;;
Buchung;;Sparen;1.9.2022;;;ING-Giro;-600;Comdirect Giro;600;;;;;;
Buchung;HDI Lebensversicherung AG;40-017517895;1.9.2022;;;ING-Giro;-59,25;Berufsunfähigkeit;59,25;;;;;;
Buchung;Heidelberger Lebensversicherung;V-03269157-02;1.9.2022;;;ING-Giro;-28,78;Berufsunfähigkeit;28,78;;;;;;
Buchung;Heidelberger Lebensversicherung;V-03269157-03;1.9.2022;;;ING-Giro;-234,41;Lebensversicherung;234,41;;;;;;
Buchung;AXA Krankenversicherung AG;Krankenzusatzversicherung;1.9.2022;;;ING-Giro;-35,80;Lebensversicherung;35,80;;;;;;
Buchung;Happy Maids;;1.9.2022;;;ING-Giro;-154,18;Nebenkosten;154,18;;;;;;
Buchung;Aktion Mensch;;1.9.2022;;;ING-Giro;-20;Spenden;20;;;;;;
Buchung;Standard Life Versicherung;20437600;1.9.2022;;;ING-Giro;-179,64;Lebensversicherung;179,64;;;;;;
Kauf;;Kauf;5.9.2022;IE00BCRY6557;1,00648;ING-Depot;100;ING-Extra;-100;;;;;;
Buchung;Folke Meier;Winterrufus;5.9.2022;;;ING-Giro;-58,50;Urlaub;58,50;;;;;;
Buchung;MLP Banking AG;;6.8.2022;;;ING-Giro;-725,54;Mastercard;725,54;;;;;;
Buchung;ING Diba;Entgelt Girocard;6.8.2022;;;ING-Giro;-0,99;Bankgebühr;0,99;;;;;;
Buchung;Amazon Payments Europe S.C.A.;;13.9.2022;;;ING-Giro;-13,99;Täglicher Bedarf;13,99;;;;;;
Buchung;Amazon Payments Europe S.C.A.;;13.9.2022;;;ING-Giro;-44,99;Täglicher Bedarf;44,99;;;;;;
Buchung;Ionos SE;Hosting;13.9.2022;;;ING-Giro;-9,99;Medien;9,99;;;;;;
Buchung;Sportfabrik GmbH;;14.9.2022;;;ING-Giro;-29,19;Täglicher Bedarf;29,19;;;;;;
Buchung;;Bargeld;14.9.2022;;;ING-Giro;-300;Täglicher Bedarf;300;;;;;;
Buchung;GEZ;Rundfunkgebühren;15.9.2022;;;ING-Giro;-55,08;Täglicher Bedarf;55,08;;;;;;
Buchung;Amazon Payments Europe S.C.A.;Powerbank;16.9.2022;;;ING-Giro;-481,98;Täglicher Bedarf;481,98;;;;;;
Buchung;Aldi;;16.9.2022;;;ING-Giro;-30,34;Täglicher Bedarf;30,34;;;;;;
Buchung;Telekom Deutschland GmbH;Mobilfunk;20.9.2022;;;ING-Giro;-67,54;Medien;67,54;;;;;;
Buchung;Deutsche Telekom AG;Festnetz;26.9.2022;;;ING-Giro;-105,66;Medien;105,66;;;;;;
Buchung;FAZ;;26.9.2022;;;ING-Giro;-46,9;Medien;46,9;;;;;;
Buchung;FAZ;;26.9.2022;;;ING-Giro;-3;Medien;3;;;;;;
Buchung;Petra Fink;;26.9.2022;;;ING-Giro;150;Sonstige Einnahmen;-150;;;;;;
Buchung;Happy Maids;;27.9.2022;;;ING-Giro;-154,18;Nebenkosten;154,18;;;;;;
Buchung;HDI AG;;27.9.2022;;;ING-Giro;3755,78;Gehalt;-3755,78;;;;;;
Buchung;;Sparen;27.9.2022;;;ING-Giro;-760;ING-Extra;760;;;;;;
Buchung;Getränke Vendel;;27.9.2022;;;ING-Giro;-164,68;Täglicher Bedarf;164,68;;;;;;
Buchung;SWB;Gas und Strom Differenz 21;28.9.2022;;;ING-Giro;-233;Nebenkosten;233;;;;;;
Buchung;Sportfabrik GmbH;;28.9.2022;;;ING-Giro;-29,19;Täglicher Bedarf;29,19;;;;;;
Verkauf;;Verkauf;30.9.2022;IE00BYZTVV78;-400;ING-Depot;-1907,44;ING-Extra;1895,87;Handelsplatzgebühr;1,9;Provision;9,67;;
Buchung;;Rentensparplan;30.9.2022;;;ING-Giro;-100;ING-Extra;100;;;;;;
Buchung;;Aktiensparplan;30.9.2022;;;ING-Giro;-100;ING-Extra;100;;;;;;
Buchung;;Bargeld;30.9.2022;;;ING-Giro;-200;Täglicher Bedarf;200;;;;;;
Buchung;;Sparen;03.10.2022;;;ING-Giro;-600;Comdirect Giro;600;;;;;;
Buchung;Heidelberger Lebensversicherung;V-03269157-02;03.10.2022;;;ING-Giro;-28,78;Berufsunfähigkeit;28,78;;;;;;
Buchung;Heidelberger Lebensversicherung;V-03269157-03;03.10.2022;;;ING-Giro;-234,41;Lebensversicherung;234,41;;;;;;
Buchung;Standard Life Versicherung;20437600;03.10.2022;;;ING-Giro;-179,64;Lebensversicherung;179,64;;;;;;
Buchung;HDI Lebensversicherung AG;40-017517895;4.10.2022;;;ING-Giro;-59,25;Berufsunfähigkeit;59,25;;;;;;
Buchung;Aktion Mensch;;4.10.2022;;;ING-Giro;-20;Spenden;20;;;;;;
Buchung;AXA Krankenversicherung AG;Krankenzusatzversicherung;4.10.2022;;;ING-Giro;-35,80;Lebensversicherung;35,80;;;;;;
Buchung;ING Diba;Entgelt Girocard;4.10.2022;;;ING-Giro;-0,99;Bankgebühr;0,99;;;;;;
Kauf;;Kauf;5.10.2022;IE00BCRY6557;1,00892;ING-Depot;100;ING-Extra;-100;;;;;;
Kauf;;Kauf;5.10.2022;LU0378438732;1,02229;ING-Depot;100;ING-Extra;-100;;;;;;
Buchung;Pay Pal;;5.10.2022;;;ING-Giro;-15;Täglicher Bedarf;15;;;;;;
Buchung;MLP Banking AG;;7.10.2022;;;ING-Giro;-1250,71;Mastercard;1250,71;;;;;;
Buchung;Amazon Payments Europe S.C.A.;Powerbank;11.10.2022;;;ING-Giro;-73,99;Täglicher Bedarf;73,99;;;;;;
Buchung;Ionos SE;Hosting;11.10.2022;;;ING-Giro;-9,99;Medien;9,99;;;;;;
Buchung;Sportfabrik GmbH;;12.10.2022;;;ING-Giro;-29,19;Täglicher Bedarf;29,19;;;;;;
Buchung;Amazon EU S.A.R..L;;13.10.2022;;;ING-Giro;-63,13;Täglicher Bedarf;63,13;;;;;;
Buchung;Amazon Payments Europe S.C.A.;Powerbank;18.10.2022;;;ING-Giro;-19,98;Täglicher Bedarf;19,98;;;;;;
Buchung;Telekom Deutschland GmbH;Mobilfunk;19.10.2022;;;ING-Giro;-65,89;Medien;65,89;;;;;;
Buchung;Amazon Payments Europe S.C.A.;;19.10.2022;;;ING-Giro;-74,99;Täglicher Bedarf;74,99;;;;;;
Buchung;Amazon Payments Europe S.C.A.;;19.10.2022;;;ING-Giro;-1;Täglicher Bedarf;1;;;;;;
Buchung;FAZ;;24.10.2022;;;ING-Giro;-46,9;Medien;46,9;;;;;;
Buchung;FAZ;;24.10.2022;;;ING-Giro;-3;Medien;3;;;;;;
Buchung;Happy Maids;;24.10.2022;;;ING-Giro;-154,18;Nebenkosten;154,18;;;;;;
Buchung;;Entsparen;24.10.2022;;;ING-Giro;150;ING-Extra;-150;;;;;;
Buchung;HDI AG;;25.10.2022;;;ING-Giro;3636,01;Gehalt;-3636,01;;;;;;
Buchung;;Sparen;25.10.2022;;;ING-Giro;-200;ING-Extra;200;;;;;;
Buchung;König & Partner;Heizungswartung;25.10.2022;;;ING-Giro;-241,56;Nebenkosten;241,56;;;;;;
Buchung;Sportfabrik GmbH;;26.10.2022;;;ING-Giro;-29,19;Täglicher Bedarf;29,19;;;;;;
Buchung;Deutsche Telekom AG;Festnetz;27.10.2022;;;ING-Giro;-105,66;Medien;105,66;;;;;;
Buchung;Amazon Payments Europe S.C.A.;;27.10.2022;;;ING-Giro;-89,99;Täglicher Bedarf;89,99;;;;;;
Buchung;SWB;Gas und Strom;28.10.2022;;;ING-Giro;-211;Nebenkosten;211;;;;;;
Buchung;;Rentensparplan;31.10.2022;;;ING-Giro;-100;ING-Extra;100;;;;;;
Buchung;;Aktiensparplan DAX;31.10.2022;;;ING-Giro;-100;ING-Extra;100;;;;;;
Buchung;;Sparen;01.11.2022;;;ING-Giro;-600;Comdirect Giro;600;;;;;;
Buchung;Heidelberger Lebensversicherung;V-03269157-02;01.11.2022;;;ING-Giro;-28,78;Berufsunfähigkeit;28,78;;;;;;
Buchung;Heidelberger Lebensversicherung;V-03269157-03;01.11.2022;;;ING-Giro;-234,41;Lebensversicherung;234,41;;;;;;
Buchung;Standard Life Versicherung;20437600;01.11.2022;;;ING-Giro;-179,64;Lebensversicherung;179,64;;;;;;
Buchung;Andre und Andrea;Regal für Sebastian;1.11.22;;;ING-Giro;-79;Täglicher Bedarf;79;;;;;;
Buchung;;Bargeld;1.11.22;;;ING-Giro;-200;Täglicher Bedarf;200;;;;;;
Buchung;HDI Lebensversicherung AG;40-017517895;2.11.22;;;ING-Giro;-59,25;Berufsunfähigkeit;59,25;;;;;;
Buchung;AXA Krankenversicherung AG;Krankenzusatzversicherung;2.11.22;;;ING-Giro;-35,80;Lebensversicherung;35,80;;;;;;
Buchung;Aktion Mensch;;2.11.22;;;ING-Giro;-20;Spenden;20;;;;;;
Buchung;ING Diba;Entgelt Girocard;2.11.22;;;ING-Giro;-0,99;Bankgebühr;0,99;;;;;;
Buchung;ADYEN N.V.;Babbel;3.11.22;;;ING-Giro;-59,94;Medien;59,94;;;;;;
Kauf;;Kauf;3.11.2022;IE00BCRY6557;1,00847;ING-Depot;100;ING-Extra;-100;;;;;;
Kauf;;Kauf;3.11.2022;LU0378438732;0,91458;ING-Depot;100;ING-Extra;-100;;;;;;
Buchung;MLP Banking AG;;4.11.22;;;ING-Giro;-647,01;Mastercard;647,01;;;;;;
Buchung;;Bargeld;7.11.2022;;;ING-Giro;-100;Täglicher Bedarf;100;;;;;;
Buchung;Sportfabrik GmbH;;9.11.22;;;ING-Giro;-29,19;Täglicher Bedarf;29,19;;;;;;
Buchung;Ionos SE;Hosting;11.11.2022;;;ING-Giro;-9,99;Medien;9,99;;;;;;
Buchung;Wilfried Hinze;Anteil Törn;11.11.2022;;;ING-Giro;513,30;Urlaub;-513,30;;;;;;
Buchung;Enjoy Sailing;1. Anzahlung;14.11.22;;;ING-Giro;-513,26;Urlaub;513,26;;;;;;
Buchung;Peter Schimmel;Nebenkosten;15.11.22;;;ING-Giro;-210;Nebenkosten;210;;;;;;
Buchung;Stadtkasse Bonn;Grundsteuer;15.11.22;;;ING-Giro;-34,37;Nebenkosten;34,37;;;;;;
Buchung;Peter Hinzmann;Anteil Törn;16.11.22;;;ING-Giro;2053,06;Urlaub;-2053,06;;;;;;
Buchung;Andrea Berg;Anteil Törn;18.11.2022;;;ING-Giro;515;Urlaub;-515;;;;;;
Buchung;FAZ;;21.11.22;;;ING-Giro;-46,9;Medien;46,9;;;;;;
Buchung;FAZ;;21.11.22;;;ING-Giro;-3;Medien;3;;;;;;
Buchung;Pay Pal;DB Ticket Hannover;21.11.22;;;ING-Giro;-15,60;Sonstige Ausgaben;15,50;;;;;;
Buchung;Happy Maids;;21.11.22;;;ING-Giro;-154,18;Nebenkosten;154,18;;;;;;
Buchung;Hotel Steiner;Codex;21.11.22;;;ING-Giro;-160;Sonstige Ausgaben;160;;;;;;
Buchung;Telekom Deutschland GmbH;Mobilfunk;22.11.22;;;ING-Giro;-65,73;Medien;65,73;;;;;;
Buchung;Pay Pal;;22.11.22;;;ING-Giro;-34,99;Täglicher Bedarf;34,99;;;;;;
Buchung;Amazon Media EU S.A.R.L;;22.11.22;;;ING-Giro;-17,99;Täglicher Bedarf;17,99;;;;;;
Buchung;Sportfabrik GmbH;;23.11.22;;;ING-Giro;-29,19;Täglicher Bedarf;29,19;;;;;;
Buchung;Amazon EU S.A.R..L;;24.11.22;;;ING-Giro;-89,90;Täglicher Bedarf;89,90;;;;;;
Buchung;Pay Pal;AZ-Delivery Solarzellen;24.11.22;;;ING-Giro;-22,89;Täglicher Bedarf;22,89;;;;;;
Buchung;;Bargeld;24.11.22;;;ING-Giro;-150;Täglicher Bedarf;150;;;;;;
Buchung;Deutsche Telekom AG;Festnetz;25.11.22;;;ING-Giro;-96,72;Medien;96,72;;;;;;
Buchung;Pay Pal;;25.11.2022;;;ING-Giro;-76,32;Täglicher Bedarf;76,32;;;;;;
Buchung;HDI AG;;25.11.2022;;;ING-Giro;6062,64;Gehalt;6062,64;;;;;;
Buchung;SWB;Gas und Strom;28.10.2022;;;ING-Giro;-233;Nebenkosten;233;;;;;;
Buchung;;Sparen;25.11.2022;;;ING-Giro;-2000;ING-Extra;2000;;;;;;
Buchung;Peter Hinzmann;Überzahlter Törnanteil;28.11.22;;;ING-Giro;-1538;Urlaub;1538;;;;;;
Buchung;;Rentensparplan;30.11.2022;;;ING-Giro;-100;ING-Extra;100;;;;;;
Buchung;;Aktiensparplan DAX;30.11.2022;;;ING-Giro;-100;ING-Extra;100;;;;;;
Buchung;;Aktiensparplan STOXX50;30.11.2022;;;ING-Giro;-100;ING-Extra;100;;;;;;
Buchung;;Sparen;1.12.2022;;;ING-Giro;-600;Comdirect Giro;600;;;;;;
Buchung;HDI Lebensversicherung AG;40-017517895;1.12.2022;;;ING-Giro;-61,03;Berufsunfähigkeit;61,03;;;;;;
Buchung;Heidelberger Lebensversicherung;V-03269157-02;1.12.2022;;;ING-Giro;-28,78;Berufsunfähigkeit;28,78;;;;;;
Buchung;Heidelberger Lebensversicherung;V-03269157-03;1.12.2022;;;ING-Giro;-234,41;Lebensversicherung;234,41;;;;;;
Buchung;Amazon Payments Europe S.C.A.;;1.12.22;;;ING-Giro;-62,06;Täglicher Bedarf;62,06;;;;;;
Buchung;AXA Krankenversicherung AG;Krankenzusatzversicherung;1.12.22;;;ING-Giro;-35,80;Lebensversicherung;35,80;;;;;;
Buchung;Roland Rechtsschutz AG;Rechtsschutzversicherung;1.12.22;;;ING-Giro;-89,26;Versicherung;89,26;;;;;;
Buchung;Standard Life Versicherung;20437600;1.12.22;;;ING-Giro;-179,64;Lebensversicherung;179,64;;;;;;
Buchung;Aktion Mensch;;2.12.2022;;;ING-Giro;-20;Spenden;20;;;;;;
Buchung;ING Diba;Entgelt Girocard;2.12.2022;;;ING-Giro;-0,99;Bankgebühr;0,99;;;;;;
Kauf;;Kauf;5.12.2022;IE00BCRY6557;1,00535;ING-Depot;100;ING-Extra;-100;;;;;;
Kauf;;Kauf;5.12.2022;LU0378438732;0,84048;ING-Depot;100;ING-Extra;-100;;;;;;
Kauf;;Kauf;5.12.2022;DE0005933956;2,4854;ING-Depot;100;ING-Extra;-100;;;;;;
Buchung;Amazon Payments Europe S.C.A.;;5.12.2022;;;ING-Giro;-22,97;Täglicher Bedarf;22,97;;;;;;
Buchung;;Bargeld;5.12.2022;;;ING-Giro;-100;Täglicher Bedarf;100;;;;;;
Buchung;MLP Banking AG;Mastercard;7.12.22;;;ING-Giro;-552,66;Mastercard;552,66;;;;;;
Buchung;Sportfabrik GmbH;;7.12.22;;;ING-Giro;-29,19;Täglicher Bedarf;29,19;;;;;;
Buchung;Amazon Payments Europe S.C.A.;;9.12.22;;;ING-Giro;-26,40;Täglicher Bedarf;26,40;;;;;;
Buchung;;Bargeld;9.12.2022;;;ING-Giro;-100;Täglicher Bedarf;100;;;;;;
Buchung;Ionos SE;Hosting;13.12.2022;;;ING-Giro;-45,87;Medien;45,87;;;;;;
Buchung;HDI AG;Reisekosten;13.12.2022;;;ING-Giro;315,06;Sonstige Einnahmen;315,06;;;;;;
Einnahme;;Einnahme;15.12.2022;DE0005933956;2,4854;ING-Depot;;ING-Extra;0,2;;;;;;
Buchung;HDI Global SE;HDI Privatschutz;15.12.2022;;;ING-Giro;-170,14;Versicherung;170,14;;;;;;
Buchung;GEZ;Rundfunkgebühren;15.12.2022;;;ING-Giro;-55,08;Täglicher Bedarf;55,08;;;;;;
Buchung;;Bargeld;16.12.22;;;ING-Giro;-300;Täglicher Bedarf;300;;;;;;
Buchung;Amazon Digital Germany GmbH;;19.12.22;;;ING-Giro;-8,99;Täglicher Bedarf;8,99;;;;;;
Buchung;HDI AG;Reisekosten;19.12.22;;;ING-Giro;116,8;Sonstige Einnahmen;-116,8;;;;;;
Buchung;Knut und Petra;;20.12.22;;;ING-Giro;200;Spenden;-200;;;;;;
Buchung;Amazon Digital Germany GmbH;;20.12.22;;;ING-Giro;-13,99;Täglicher Bedarf;13,99;;;;;;
Buchung;Sportfabrik GmbH;;21.12.2022;;;ING-Giro;-29,19;Täglicher Bedarf;29,19;;;;;;
Buchung;Telekom Deutschland GmbH;Mobilfunk;21.12.2022;;;ING-Giro;-65,61;Medien;65,61;;;;;;
Buchung;;Lakritze;21.12.2022;;;ING-Giro;-39,9;Täglicher Bedarf;39,9;;;;;;
Buchung;;Bargeld;21.12.2022;;;ING-Giro;-150;Täglicher Bedarf;150;;;;;;
Buchung;HDI AG;;23.12.2022;;;ING-Giro;3573,31;Gehalt;-3573,31;;;;;;
Buchung;;Sparen;23.12.2022;;;ING-Giro;-1000;ING-Extra;1000;;;;;;
Buchung;FAZ;;27.12.2022;;;ING-Giro;-46,9;Medien;46,9;;;;;;
Buchung;FAZ;;27.12.2022;;;ING-Giro;-3;Medien;3;;;;;;
Buchung;SWB;Gas und Strom;28.12.2022;;;ING-Giro;-86;Nebenkosten;86;;;;;;
Buchung;Amazon Media EU S.A.R.L;;28.12.2022;;;ING-Giro;-5,61;Täglicher Bedarf;5,61;;;;;;
Buchung;;Rentensparplan;30.12.22;;;ING-Giro;-100;ING-Extra;100;;;;;;
Buchung;;Aktiensparplan DAX;30.12.22;;;ING-Giro;-100;ING-Extra;100;;;;;;
Buchung;;Aktiensparplan STOXX50;30.12.22;;;ING-Giro;-100;ING-Extra;100;;;;;;
Buchung;ING Diba;Erstattung Kapitalertragsteuer Verlustvortrag;30.12.22;;;ING-Giro;1,36;Sonstige Einnahmen;-1,36;;;;;;
Buchung;;Zinsertrag;30.12.22;;;ING-Extra;3,72;Zinsertrag;-3,72;;;;;;
Kauf;;Kauf;4.1.23;DE0005933956;2,60383;ING-Depot;100;ING-Extra;-100;;;;;;
Kauf;;Kauf;4.1.23;IE00BCRY6557;1,00325;ING-Depot;100;ING-Extra;-100;;;;;;
